Open time,Open,High,Low,Close,Volume,Close time,Quote asset volume,Number of trades,Taker buy base asset volume,Taker buy quote asset volume,Ignore,Date
1.641E+12,0.8298,0.8557,0.8297,0.8507,136976730,1.64108E+12,115507460.4,178238,70090109,59113405.01,0,01-01-2022
1.64108E+12,0.8508,0.8667,0.8372,0.8586,129688032,1.64117E+12,110265575.8,176940,65996017,56117623.46,0,02-01-2022
1.64117E+12,0.8586,0.8587,0.8213,0.8324,178618617,1.64125E+12,149876148.1,232484,89735857,75298817.19,0,03-01-2022
1.64125E+12,0.8324,0.8456,0.7794,0.8228,214415744,1.64134E+12,177691937,270966,104076850,86367665.36,0,04-01-2022
1.64134E+12,0.8227,0.8372,0.7092,0.7726,370612510,1.64143E+12,294783762.3,482373,173152247,137997621.9,0,05-01-2022
1.64143E+12,0.7725,0.7909,0.7377,0.7791,307202277,1.64151E+12,234402002.1,415169,151109632,115283157.8,0,06-01-2022
1.64151E+12,0.779,0.7808,0.7287,0.7634,372926762,1.6416E+12,281919749.2,511973,177050288,133890338.7,0,07-01-2022
1.6416E+12,0.7634,0.7768,0.7222,0.7452,253028571,1.64169E+12,190213053.8,347309,122226022,91911985.05,0,08-01-2022
1.64169E+12,0.7452,0.7667,0.7381,0.753,151521399,1.64177E+12,113888420.5,211515,74010465,55633357.26,0,09-01-2022
1.64177E+12,0.753,0.7589,0.6967,0.7399,313080154,1.64186E+12,228730493.5,359880,155055910,113354601.6,0,10-01-2022
1.64186E+12,0.7399,0.7768,0.7306,0.7703,254065075,1.64195E+12,190447525.4,285391,131311656,98408665.5,0,11-01-2022
1.64195E+12,0.7702,0.816,0.757,0.7987,295701910,1.64203E+12,231115520.8,330205,152951383,119559374.4,0,12-01-2022
1.64203E+12,0.7986,0.8024,0.7604,0.768,227833834,1.64212E+12,178544935.2,247605,110303627,86439902.8,0,13-01-2022
1.64212E+12,0.7677,0.8,0.7513,0.7732,221104212,1.6422E+12,170797410.1,242416,110650666,85508025.43,0,14-01-2022
1.6422E+12,0.7733,0.79,0.768,0.7791,138443019,1.64229E+12,107785186.3,159163,66517924,51809404.94,0,15-01-2022
1.64229E+12,0.7791,0.7884,0.768,0.7784,125068081,1.64238E+12,97287674.58,157210,61255756,47661753.26,0,16-01-2022
1.64238E+12,0.7785,0.7805,0.7498,0.7617,181653025,1.64246E+12,138537212.1,205250,87928840,67048581.07,0,17-01-2022
1.64246E+12,0.7616,0.7686,0.7352,0.7509,188367099,1.64255E+12,141172279.4,209700,92556337,69375577.47,0,18-01-2022
1.64255E+12,0.751,0.7533,0.7231,0.7381,190555142,1.64264E+12,140704196.4,214504,92323317,68185226.17,0,19-01-2022
1.64264E+12,0.7381,0.7622,0.7161,0.7199,205931050,1.64272E+12,153121537.1,218718,92776494,69090083.17,0,20-01-2022
1.64272E+12,0.7199,0.7285,0.6112,0.6368,612944841,1.64281E+12,410698993.9,579921,283151610,189699610.1,0,21-01-2022
1.64281E+12,0.6368,0.6542,0.5489,0.5966,769947907.1,1.6429E+12,460971551.6,714427,370364682.5,221834544.8,0,22-01-2022
1.6429E+12,0.5966,0.6352,0.59,0.6283,331234207,1.64298E+12,202062551.6,347609,162325892,99066781.98,0,23-01-2022
1.64298E+12,0.6284,0.6286,0.5524,0.6118,513343471,1.64307E+12,300019737.6,520142,250617559,146514446.6,0,24-01-2022
1.64307E+12,0.6118,0.6243,0.5872,0.618,319618429,1.64316E+12,192980719.1,298398,157355880,95022691.42,0,25-01-2022
1.64316E+12,0.6178,0.6586,0.6047,0.6193,466864710,1.64324E+12,293046543.4,425965,230375796,144665471.5,0,26-01-2022
1.64324E+12,0.6193,0.6247,0.5893,0.6088,292543906,1.64333E+12,176630359,264351,132968036,80340602.79,0,27-01-2022
1.64333E+12,0.6089,0.614,0.5916,0.6111,221009653,1.64341E+12,133208703.8,215447,109391522,65959261.98,0,28-01-2022
1.64341E+12,0.6112,0.6255,0.6083,0.6174,154572094,1.6435E+12,95192596.38,157630,77341413,47642622.71,0,29-01-2022
1.6435E+12,0.6175,0.6232,0.5973,0.6013,146491081,1.64359E+12,89634415.73,155232,69182128,42355597.92,0,30-01-2022
1.64359E+12,0.6012,0.6242,0.5803,0.6174,213749309,1.64367E+12,127444698.2,202749,108262249,64612912.7,0,31-01-2022
1.64367E+12,0.6174,0.6308,0.6107,0.6284,174300620,1.64376E+12,108325641.4,179180,92006396,57191761.01,0,01-02-2022
1.64376E+12,0.6284,0.6314,0.5955,0.6006,186608762,1.64385E+12,114856317.5,195159,91214428,56181186.22,0,02-02-2022
1.64385E+12,0.6006,0.6116,0.5886,0.6102,168129675,1.64393E+12,100903909.2,166019,82030398,49239399.17,0,03-02-2022
1.64393E+12,0.6101,0.6589,0.6044,0.6555,263927174,1.64402E+12,164697317.1,234991,140894316,87920154.49,0,04-02-2022
1.64402E+12,0.6557,0.6869,0.65,0.6656,310296779,1.64411E+12,207432932.9,296990,163402988,109221694.5,0,05-02-2022
1.64411E+12,0.6656,0.688,0.6589,0.6825,157303166,1.64419E+12,105499040.7,163540,77801560,52193085.83,0,06-02-2022
1.64419E+12,0.6825,0.839,0.6712,0.8314,640917209,1.64428E+12,491875684.8,773279,327757400,251545537.9,0,07-02-2022
1.64428E+12,0.8314,0.9142,0.8034,0.8763,1048879447,1.64436E+12,896908628.4,1336231,535178885,457855992.8,0,08-02-2022
1.64436E+12,0.8763,0.9168,0.8413,0.8697,626331950,1.64445E+12,549165655.7,803724,314570536,275936216.1,0,09-02-2022
1.64445E+12,0.8699,0.8975,0.821,0.8253,495010890,1.64454E+12,427414739.4,540824,242914550,209806198.6,0,10-02-2022
1.64454E+12,0.8253,0.8339,0.75,0.7591,482432190,1.64462E+12,388566707.1,519699,228558713,184198520.9,0,11-02-2022
1.64462E+12,0.759,0.8532,0.7465,0.8223,477906804,1.64471E+12,383669503.5,526512,234073787,188095069.8,0,12-02-2022
1.64471E+12,0.8223,0.8476,0.792,0.8057,351589704,1.6448E+12,288439676.9,411195,169831806,139336595.4,0,13-02-2022
1.6448E+12,0.8057,0.8127,0.7791,0.8012,304006647,1.64488E+12,241701354.5,298362,151755059,120697998.7,0,14-02-2022
1.64488E+12,0.8012,0.8599,0.7961,0.8515,279317316,1.64497E+12,231323680.2,292838,145139011,120212814.2,0,15-02-2022
1.64497E+12,0.8514,0.8532,0.8086,0.8366,252745706,1.64506E+12,210175363.6,272890,121239086,100858526.6,0,16-02-2022
1.64506E+12,0.8367,0.8448,0.7535,0.769,375190546,1.64514E+12,300624314.1,377795,180001437,144223727.5,0,17-02-2022
1.64514E+12,0.7689,0.8055,0.756,0.784,417945743,1.64523E+12,326120877.7,423084,201924098,157513266.3,0,18-02-2022
1.64523E+12,0.7841,0.8547,0.7696,0.8215,492929500,1.64532E+12,400613754.2,594162,248825500,202360377.3,0,19-02-2022
1.64532E+12,0.8215,0.8234,0.7643,0.7769,495454770,1.6454E+12,391269443.4,521656,227536480,179659457.4,0,20-02-2022
1.6454E+12,0.7769,0.802,0.6953,0.7018,621650777,1.64549E+12,474629850.5,558755,303954516,232169573.6,0,21-02-2022
1.64549E+12,0.7018,0.7266,0.6686,0.7209,597541290,1.64557E+12,417027236.6,503146,299122368,208862896.9,0,22-02-2022
1.64557E+12,0.7209,0.7441,0.6924,0.6967,438023003,1.64566E+12,315158238.6,352974,219155727,157728011.9,0,23-02-2022
1.64566E+12,0.6967,0.7226,0.6215,0.6963,986343826,1.64575E+12,649336702.2,776546,475980122,313319924.7,0,24-02-2022
1.64575E+12,0.6962,0.7807,0.6826,0.7699,557343038,1.64583E+12,397739663.4,483216,289233335,206653757.6,0,25-02-2022
1.64583E+12,0.7698,0.7955,0.7403,0.7508,520451349,1.64592E+12,398290215.8,518766,263972487,202016049.1,0,26-02-2022
1.64592E+12,0.7508,0.7677,0.7032,0.7215,441252224,1.64601E+12,324122751.3,380063,211903246,155721473.8,0,27-02-2022
1.64601E+12,0.7216,0.7938,0.7075,0.7809,444617964,1.64609E+12,331004684.9,411864,220791698,164606481.2,0,28-02-2022
1.64609E+12,0.7809,0.8039,0.7574,0.7839,392126769,1.64618E+12,305309246.8,396934,193409344,150654555.8,0,01-03-2022
1.64618E+12,0.784,0.7848,0.7562,0.7687,377602100,1.64627E+12,290891663.1,306050,186780734,143882345.6,0,02-03-2022
1.64627E+12,0.7688,0.7897,0.7336,0.7515,339295156,1.64635E+12,257664904.5,298359,166262432,126275130.8,0,03-03-2022
1.64635E+12,0.7514,0.755,0.6942,0.7127,382831997,1.64644E+12,279450790.8,325418,187126852,136654078.9,0,04-03-2022
1.64644E+12,0.7127,0.7693,0.7049,0.754,358200609,1.64652E+12,265951379.1,360890,171764631,127561328.6,0,05-03-2022
1.64652E+12,0.7539,0.7589,0.7211,0.7251,304732286,1.64661E+12,225032012.6,275079,148059163,109293439.9,0,06-03-2022
1.64661E+12,0.7252,0.7544,0.7033,0.7197,496407111,1.6467E+12,363052084,413298,249680721,182588165.2,0,07-03-2022
1.6467E+12,0.7196,0.7313,0.7135,0.7207,293749434,1.64678E+12,212291889.9,231723,146084373,105592288.2,0,08-03-2022
1.64678E+12,0.7208,0.775,0.7199,0.7658,397032109,1.64687E+12,298577935.7,342087,210070672,157981243,0,09-03-2022
1.64687E+12,0.7659,0.7797,0.7215,0.7361,397850898,1.64696E+12,294933673,350437,191002562,141660681.4,0,10-03-2022
1.64696E+12,0.7361,0.814,0.725,0.8029,526984782,1.64704E+12,402055677,515649,265507599,202653114,0,11-03-2022
1.64704E+12,0.8028,0.849,0.7783,0.7857,589059126,1.64713E+12,474559889.9,662771,280010604,225635940.9,0,12-03-2022
1.64713E+12,0.7857,0.8057,0.7508,0.7602,311279578,1.64722E+12,244669480.1,304239,146750241,115428354.2,0,13-03-2022
1.64722E+12,0.7602,0.7779,0.745,0.7748,326606464,1.6473E+12,249607534.8,277062,166773116,127466033.3,0,14-03-2022
1.6473E+12,0.7747,0.7768,0.7413,0.7657,243756136,1.64739E+12,185554830.2,224551,120440153,91702951.24,0,15-03-2022
1.64739E+12,0.7658,0.7945,0.7569,0.7919,350641035,1.64748E+12,270905161.1,338101,178379477,137846141,0,16-03-2022
1.64748E+12,0.7919,0.802,0.783,0.7935,264101320,1.64756E+12,209115111.7,239087,136623515,108183138,0,17-03-2022
1.64756E+12,0.7936,0.8007,0.7762,0.7965,222661984,1.64765E+12,175564924.2,202346,112469928,88692231.3,0,18-03-2022
1.64765E+12,0.7964,0.8268,0.7915,0.8194,248947590,1.64773E+12,202388188.4,265739,117794407,95755655.76,0,19-03-2022
1.64773E+12,0.8195,0.822,0.795,0.8057,185090508,1.64782E+12,149611235.7,177909,86526823,69949276.76,0,20-03-2022
1.64782E+12,0.8057,0.8549,0.7875,0.8373,316427663,1.64791E+12,259592940.4,362667,159769268,131064535.9,0,21-03-2022
1.64791E+12,0.8372,0.8653,0.8273,0.8366,305184306,1.64799E+12,257893273.7,340957,154289567,130398701.3,0,22-03-2022
1.64799E+12,0.8366,0.846,0.8171,0.8376,235024475,1.64808E+12,195140355.6,230168,113831215,94527036.56,0,23-03-2022
1.64808E+12,0.8376,0.85,0.8272,0.8428,282122073,1.64817E+12,236615079.8,280263,147774382,123968022.9,0,24-03-2022
1.64817E+12,0.8428,0.8459,0.8185,0.8239,214450998,1.64825E+12,178986690.6,194835,105983987,88495788.69,0,25-03-2022
1.64825E+12,0.8239,0.8349,0.8206,0.8327,122433652,1.64834E+12,101517227.9,108590,58204949,48261302.89,0,26-03-2022
1.64834E+12,0.8326,0.8582,0.8275,0.858,198619688,1.64843E+12,167118139.6,199174,99347869,83611740.29,0,27-03-2022
1.64843E+12,0.8579,0.93,0.8528,0.8641,479199201,1.64851E+12,422637754.2,540963,255022451,225063849.1,0,28-03-2022
1.64851E+12,0.864,0.8857,0.8389,0.8577,264756291,1.6486E+12,230020279.9,293027,129038578,112143460.8,0,29-03-2022
1.6486E+12,0.8576,0.8718,0.8455,0.8613,201046259,1.64868E+12,173039224.5,224285,102066434,87851965.48,0,30-03-2022
1.64868E+12,0.8613,0.8737,0.7794,0.8148,366939277,1.64877E+12,305824263.9,400216,172319249,143671827.4,0,31-03-2022
1.64877E+12,0.8149,0.8343,0.807,0.8277,254001232,1.64886E+12,208774877.6,251817,124094463,101996499.6,0,01-04-2022
1.64886E+12,0.8277,0.8499,0.8185,0.824,210041825,1.64894E+12,175623270.3,208651,98183173,82111559.9,0,02-04-2022
1.64894E+12,0.824,0.8519,0.8143,0.8432,159520162,1.64903E+12,133117452.9,156976,77302883,64502447.34,0,03-04-2022
1.64903E+12,0.8432,0.844,0.8041,0.826,216740017,1.64912E+12,179165135.2,215429,106854587,88344943.1,0,04-04-2022
1.64912E+12,0.8261,0.8366,0.8145,0.8164,174779509,1.6492E+12,144156926.2,158487,87383871,72080970.08,0,05-04-2022
1.6492E+12,0.8164,0.8184,0.7555,0.7595,348686323,1.64929E+12,274381875.7,364137,168915184,132979551.6,0,06-04-2022
1.64929E+12,0.7594,0.7911,0.7523,0.7871,196211648,1.64938E+12,152188903.5,203495,94215238,73077180.2,0,07-04-2022
1.64938E+12,0.787,0.7944,0.7463,0.7549,210639194,1.64946E+12,162771256.5,208204,104376903,80692244.79,0,08-04-2022
1.64946E+12,0.755,0.7668,0.7531,0.7622,102131244,1.64955E+12,77625116.23,107344,47440735,36059404.03,0,09-04-2022
1.64955E+12,0.7623,0.7731,0.7524,0.7543,123028708,1.64964E+12,93662860.13,127125,57114934,43494557.3,0,10-04-2022
1.64964E+12,0.7543,0.7558,0.6802,0.6948,354459252,1.64972E+12,253488704.7,328030,167664986,119927030.7,0,11-04-2022
1.64972E+12,0.6949,0.734,0.6924,0.7152,263088987,1.64981E+12,185940902,260994,133316198,94219143.54,0,12-04-2022
1.64981E+12,0.7151,0.7252,0.7017,0.7232,217937566,1.64989E+12,156097770.3,205229,108623961,77822024.43,0,13-04-2022
1.64989E+12,0.7232,0.7413,0.7083,0.7262,239629937,1.64998E+12,173590844.1,217510,117445778,85066672.31,0,14-04-2022
1.64998E+12,0.7262,0.7975,0.7261,0.7858,439676502,1.65007E+12,340018971.3,490660,222695983,172134143,0,15-04-2022
1.65007E+12,0.7859,0.7999,0.7658,0.7808,206493032,1.65015E+12,161483053.8,195172,100170754,78347213.44,0,16-04-2022
1.65015E+12,0.7808,0.7861,0.7477,0.7519,188468510,1.65024E+12,145499726,176462,92494781,71408946.49,0,17-04-2022
1.65024E+12,0.7519,0.7699,0.7266,0.7699,257757252,1.65033E+12,192473959.5,258339,126225222,94297426.83,0,18-04-2022
1.65033E+12,0.7698,0.786,0.7588,0.7749,199132020,1.65041E+12,153428708.4,191968,103980072,80113597.97,0,19-04-2022
1.65041E+12,0.7749,0.7753,0.742,0.7517,220246970,1.6505E+12,167656195.9,192462,107948127,82171145.47,0,20-04-2022
1.6505E+12,0.7517,0.7686,0.718,0.7328,241310449,1.65059E+12,180731787.4,241040,120565186,90337004.5,0,21-04-2022
1.65059E+12,0.7328,0.7387,0.7142,0.7179,220757625,1.65067E+12,160328204.8,216443,106214645,77146619.61,0,22-04-2022
1.65067E+12,0.7178,0.7267,0.7023,0.7057,163036743,1.65076E+12,116203898.7,154364,79411803,56595167.9,0,23-04-2022
1.65076E+12,0.7057,0.7119,0.6944,0.6981,144945400,1.65084E+12,102084222.5,137510,70704996,49784633.33,0,24-04-2022
1.65084E+12,0.698,0.6998,0.6451,0.6931,399434752,1.65093E+12,267285979.7,354207,196890553,131736017.8,0,25-04-2022
1.65093E+12,0.6931,0.7065,0.6276,0.642,355964613,1.65102E+12,237444379.9,311924,174245692,116326399.1,0,26-04-2022
1.65102E+12,0.642,0.663,0.6361,0.6522,277994630,1.6511E+12,180637616.9,241976,142408334,92540378.85,0,27-04-2022
1.6511E+12,0.6522,0.6577,0.6333,0.6428,242145728,1.65119E+12,156497699.4,195259,119074148,76959693.96,0,28-04-2022
1.65119E+12,0.6428,0.6464,0.5992,0.6116,322263629,1.65128E+12,200206773.4,234208,155967290,96871644.9,0,29-04-2022
1.65128E+12,0.6115,0.6288,0.5663,0.5845,354754733,1.65136E+12,214938073.9,274288,169587697,102905100.6,0,30-04-2022
1.65136E+12,0.5845,0.6125,0.576,0.607,279653905,1.65145E+12,166027183.2,253008,141614030,84080669.43,0,01-05-2022
1.65145E+12,0.607,0.6312,0.5984,0.6143,332748235,1.65154E+12,204458052.9,255037,171961683,105666295,0,02-05-2022
1.65154E+12,0.6143,0.628,0.5961,0.6047,284044788,1.65162E+12,174187576.7,192989,143379359,87912050.89,0,03-05-2022
1.65162E+12,0.6047,0.65,0.6039,0.6459,345607731,1.65171E+12,214781739.9,250260,180231681,112007405.5,0,04-05-2022
1.65171E+12,0.646,0.6572,0.5801,0.5981,446938464,1.6518E+12,275475127.5,326425,218395211,134801102.9,0,05-05-2022
1.6518E+12,0.5981,0.6164,0.5875,0.6022,363872112,1.65188E+12,218917267.9,281104,183578252,110428735,0,06-05-2022
1.65188E+12,0.6022,0.6044,0.5692,0.5808,243420987,1.65197E+12,144029120.1,162836,113155415,66938455.6,0,07-05-2022
1.65197E+12,0.5808,0.5833,0.5572,0.5662,335981906,1.65205E+12,191966430.3,204020,163008531,93148806.95,0,08-05-2022
1.65205E+12,0.5663,0.5789,0.47,0.4873,841979616.3,1.65214E+12,440258885.1,614982,401707901.9,210048266.5,0,09-05-2022
1.65214E+12,0.4872,0.5371,0.4722,0.513,900790302,1.65223E+12,459950527.4,637387,434905375,222042162.2,0,10-05-2022
1.65223E+12,0.513,0.5253,0.3646,0.4172,1598443681,1.65231E+12,731722915.3,1259135,752855735.9,345813793.8,0,11-05-2022
1.65231E+12,0.4172,0.4296,0.3361,0.3856,1567507932,1.6524E+12,594186113.5,1276059,782977731.1,296900375.3,0,12-05-2022
1.6524E+12,0.3856,0.4659,0.3813,0.4228,698396767,1.65249E+12,301967793.8,550622,346804900,149919526.2,0,13-05-2022
1.65249E+12,0.4229,0.441,0.3955,0.4262,442845171,1.65257E+12,185744367.7,346940,213778456,89698073.35,0,14-05-2022
1.65257E+12,0.4262,0.45,0.4149,0.4481,267739238,1.65266E+12,114744354.5,215477,131021667,56191165.34,0,15-05-2022
1.65266E+12,0.4481,0.4481,0.4087,0.4231,433909248,1.65275E+12,183880284.6,305356,224928418,95326831.91,0,16-05-2022
1.65275E+12,0.4231,0.4403,0.417,0.438,376428299,1.65283E+12,162168648.9,251858,190488659,82052620.19,0,17-05-2022
1.65283E+12,0.438,0.4428,0.4037,0.4056,370954228,1.65292E+12,155713298.6,236704,182418848,76564760.92,0,18-05-2022
1.65292E+12,0.4056,0.4242,0.3908,0.4205,285465302,1.653E+12,116869173.8,199622,145656295,59625099.75,0,19-05-2022
1.653E+12,0.4205,0.4407,0.4016,0.4101,358049438,1.65309E+12,150932151.8,221270,180661797,76181126.82,0,20-05-2022
1.65309E+12,0.4101,0.4183,0.403,0.4145,144232225,1.65318E+12,59372483.58,92445,69925202,28783850.47,0,21-05-2022
1.65318E+12,0.4144,0.4255,0.4101,0.4218,143783091,1.65326E+12,60032697.61,93691,72502293,30272080.66,0,22-05-2022
1.65326E+12,0.4217,0.4287,0.4002,0.4052,301434382,1.65335E+12,126188136.6,179962,148486545,62121844.63,0,23-05-2022
1.65335E+12,0.4052,0.4138,0.3908,0.4086,309724750,1.65344E+12,125344682.7,147275,154087251,62396369.65,0,24-05-2022
1.65344E+12,0.4087,0.4138,0.3948,0.406,414339536,1.65352E+12,167969372.2,161858,197113019,79917672.74,0,25-05-2022
1.65352E+12,0.4061,0.4109,0.3753,0.392,626704757,1.65361E+12,246729969.6,251980,308901803,121570237.2,0,26-05-2022
1.65361E+12,0.3921,0.4032,0.3764,0.3819,549974246,1.6537E+12,214888250.2,235251,280708552,109682355.9,0,27-05-2022
1.6537E+12,0.382,0.389,0.3805,0.3863,232996058,1.65378E+12,89731706.81,101729,121012872,46598972.85,0,28-05-2022
1.65378E+12,0.3863,0.3908,0.3794,0.3891,190159222,1.65387E+12,73294559.5,80104,96943524,37370321.23,0,29-05-2022
1.65387E+12,0.3891,0.4197,0.3866,0.4187,371239281,1.65396E+12,149384767,167873,194236066,78160019.89,0,30-05-2022
1.65396E+12,0.4188,0.4342,0.4065,0.4217,422313633,1.65404E+12,176780178.8,207019,202580617,84806064.91,0,31-05-2022
1.65404E+12,0.4217,0.4266,0.3887,0.398,436983828,1.65413E+12,178928611.6,200731,215019403,88095126.2,0,01-06-2022
1.65413E+12,0.3981,0.4072,0.3907,0.4055,350695114,1.65421E+12,139400566.5,147596,176870397,70287103.19,0,02-06-2022
1.65421E+12,0.4054,0.4105,0.3839,0.3904,283788604,1.6543E+12,112542326.4,148952,151980865,60257602.4,0,03-06-2022
1.6543E+12,0.3903,0.3944,0.3846,0.3925,134031506,1.65439E+12,52239259.28,77118,66545797,25932690.74,0,04-06-2022
1.65439E+12,0.3925,0.3995,0.3895,0.3953,134209649,1.65447E+12,52902644.57,73022,71195640,28064605.85,0,05-06-2022
1.65447E+12,0.3954,0.4099,0.394,0.4026,253767142,1.65456E+12,102110040.3,130186,142292704,57276098.75,0,06-06-2022
1.65456E+12,0.4027,0.4175,0.3846,0.4076,418785041,1.65465E+12,166280541.4,220088,203201721,80682320.45,0,07-06-2022
1.65465E+12,0.4076,0.4104,0.3947,0.4006,307076296,1.65473E+12,123154505,165487,152660760,61224554.04,0,08-06-2022
1.65473E+12,0.4007,0.4041,0.3965,0.4002,253775318,1.65482E+12,101687547.3,108685,124321103,49825724.72,0,09-06-2022
1.65482E+12,0.4002,0.4118,0.3762,0.3815,399808206,1.65491E+12,157089536.9,194473,195917016,77041301.03,0,10-06-2022
1.65491E+12,0.3815,0.3887,0.3557,0.3599,335176735,1.65499E+12,124317448,162752,165214003,61258649.77,0,11-06-2022
1.65499E+12,0.3598,0.3654,0.3394,0.3433,427316144,1.65508E+12,149735662.4,211927,202677787,71035077.42,0,12-06-2022
1.65508E+12,0.3433,0.3507,0.3012,0.3118,1028751993,1.65516E+12,328637316.3,508115,510439919,163052865.5,0,13-06-2022
1.65516E+12,0.3117,0.3267,0.2936,0.3214,778418633,1.65525E+12,243464785.1,342614,378034381.9,118330382.1,0,14-06-2022
1.65525E+12,0.3215,0.3469,0.298,0.3436,865192872,1.65534E+12,271227096.2,404846,432927616,135683790.9,0,15-06-2022
1.65534E+12,0.3436,0.3475,0.3073,0.3132,589816543,1.65542E+12,190349169.9,238916,289891372,93503353.15,0,16-06-2022
1.65542E+12,0.3132,0.3397,0.3105,0.321,430655102,1.65551E+12,140271381.6,198729,220129175,71720491.84,0,17-06-2022
1.65551E+12,0.321,0.3263,0.2872,0.3075,555977925.7,1.6556E+12,170366179.9,283907,274411148,84126288.67,0,18-06-2022
1.6556E+12,0.3074,0.333,0.2981,0.3264,393395495,1.65568E+12,123246578.7,201014,197461677,61901469.78,0,19-06-2022
1.65568E+12,0.3262,0.3289,0.3135,0.3227,356161086,1.65577E+12,114351278.5,181160,186248397,59800007.58,0,20-06-2022
1.65577E+12,0.3226,0.3374,0.3187,0.3294,379691157,1.65586E+12,124852730.7,187784,202444640,66561000.36,0,21-06-2022
1.65586E+12,0.3294,0.3297,0.319,0.3223,315095128,1.65594E+12,101794452,152486,162358105,52445619.06,0,22-06-2022
1.65594E+12,0.3223,0.3371,0.3213,0.3358,293426615,1.65603E+12,96235892.66,133928,154739109,50758562.02,0,23-06-2022
1.65603E+12,0.3357,0.3871,0.3348,0.3672,610286919,1.65612E+12,223815201.9,364031,307745887,112897969.6,0,24-06-2022
1.65612E+12,0.3672,0.3741,0.3542,0.3676,216676025,1.6562E+12,79123639.77,134079,105168418,38413830.96,0,25-06-2022
1.6562E+12,0.3677,0.3751,0.3576,0.3592,194186812,1.65629E+12,71039962.4,118676,95681601,35000157.79,0,26-06-2022
1.65629E+12,0.3591,0.3671,0.348,0.3537,274516503,1.65637E+12,98508600.88,140953,137911170,49526867.66,0,27-06-2022
1.65637E+12,0.3537,0.3557,0.3353,0.3375,316153206,1.65646E+12,109315246.5,155206,168250606,58219456.61,0,28-06-2022
1.65646E+12,0.3375,0.3417,0.3201,0.3296,329827694,1.65655E+12,108924493.3,163468,171354767,56593950.01,0,29-06-2022
1.65655E+12,0.3296,0.3333,0.3056,0.3321,463148646,1.65663E+12,147393644.7,245378,237101799,75440787.79,0,30-06-2022
1.65663E+12,0.332,0.3363,0.31,0.3139,373042743,1.65672E+12,118587657,184586,192275060,61071852.57,0,01-07-2022
1.65672E+12,0.3142,0.3181,0.3089,0.3156,179482724,1.65681E+12,56221451.44,88251,90600502,28378354.99,0,02-07-2022
1.65681E+12,0.3157,0.3258,0.3085,0.3215,194701668,1.65689E+12,61533546.21,107856,98899638,31272144.79,0,03-07-2022
1.65689E+12,0.3216,0.33,0.3146,0.3287,276890244,1.65698E+12,88994114.97,126096,153753348,49394287.65,0,04-07-2022
1.65698E+12,0.3287,0.331,0.3128,0.3252,332749123,1.65707E+12,107262278.5,146859,175922885,56699140.23,0,05-07-2022
1.65707E+12,0.3252,0.334,0.32,0.3324,295359140,1.65715E+12,95886316.45,132366,161212789,52335913.47,0,06-07-2022
1.65715E+12,0.3324,0.3456,0.3269,0.3422,261063763,1.65724E+12,87266153.13,126050,147439187,49264860.3,0,07-07-2022
1.65724E+12,0.3423,0.359,0.3359,0.3402,383269941,1.65732E+12,133000861.9,213155,202818061,70409834.93,0,08-07-2022
1.65732E+12,0.3403,0.3477,0.3392,0.3448,131799232,1.65741E+12,45267170.32,80709,67277636,23110229.74,0,09-07-2022
1.65741E+12,0.3448,0.3449,0.3197,0.3255,240237163,1.6575E+12,79468929,124569,119299991,39439440.67,0,10-07-2022
1.6575E+12,0.3256,0.3292,0.3108,0.3152,246538517,1.65758E+12,79546363.02,133558,130435120,42089487.42,0,11-07-2022
1.65758E+12,0.3152,0.3182,0.3078,0.3116,234067778,1.65767E+12,73193935.24,126411,124715018,39002408.58,0,12-07-2022
1.65767E+12,0.3117,0.326,0.302,0.3237,354463864,1.65776E+12,111462870.6,176989,182895242,57532601.37,0,13-07-2022
1.65776E+12,0.3236,0.334,0.3122,0.3338,323459383,1.65784E+12,103892845.1,146897,176443453,56669203.72,0,14-07-2022
1.65784E+12,0.3338,0.349,0.3273,0.3342,392883643,1.65793E+12,132631266.9,200294,213697008,72146915.62,0,15-07-2022
1.65793E+12,0.3341,0.3565,0.3313,0.3505,271487176,1.65802E+12,93541230.76,176489,142193345,49010989.2,0,16-07-2022
1.65802E+12,0.3504,0.3614,0.3413,0.3433,203255685,1.6581E+12,71308820.2,155405,101315331,35554172.82,0,17-07-2022
1.6581E+12,0.3434,0.3701,0.3429,0.3653,404237689,1.65819E+12,145950885,247021,215874107,77921624.53,0,18-07-2022
1.65819E+12,0.3652,0.3767,0.3515,0.3729,372635897,1.65828E+12,135433770.5,240551,190787717,69325586.28,0,19-07-2022
1.65828E+12,0.3728,0.3817,0.3572,0.3635,329852165,1.65836E+12,122555674.3,219247,170114267,63255434.43,0,20-07-2022
1.65836E+12,0.3635,0.3685,0.3485,0.3669,276798269,1.65845E+12,99082317.91,176891,134550373,48182821.77,0,21-07-2022
1.65845E+12,0.3668,0.3716,0.3541,0.3578,231304449,1.65853E+12,84039196.26,153583,121129466,44034645.69,0,22-07-2022
1.65853E+12,0.3578,0.3628,0.3498,0.3592,140472336,1.65862E+12,50073528.36,106298,67351566,24015350.28,0,23-07-2022
1.65862E+12,0.3592,0.3667,0.3558,0.3586,154710249,1.65871E+12,55971080.82,111641,77556767,28059884.11,0,24-07-2022
1.65871E+12,0.3585,0.3602,0.335,0.3362,250777496,1.65879E+12,86676259.48,151193,125589433,43419718.03,0,25-07-2022
1.65879E+12,0.3362,0.3385,0.3252,0.3372,248516564,1.65888E+12,82443390.95,153532,120815478,40085102.93,0,26-07-2022
1.65888E+12,0.3373,0.3597,0.3304,0.3594,270820690,1.65897E+12,92730683.93,173274,138359904,47386119.52,0,27-07-2022
1.65897E+12,0.3594,0.3792,0.3489,0.3739,338381188,1.65905E+12,122379884.7,214156,171414799,61987597.01,0,28-07-2022
1.65905E+12,0.3738,0.3799,0.3596,0.3679,276456259,1.65914E+12,102455414.7,186833,144385392,53526478.06,0,29-07-2022
1.65914E+12,0.3679,0.4099,0.3629,0.3879,388154871,1.65923E+12,151212669,285884,190389680,74193402.68,0,30-07-2022
1.65923E+12,0.388,0.3989,0.3782,0.3792,231814092,1.65931E+12,90300223.1,174085,113537479,44242347.01,0,31-07-2022
1.65931E+12,0.3791,0.386,0.371,0.3791,215729685,1.6594E+12,81602011.27,146825,109339966,41363255.41,0,01-08-2022
1.6594E+12,0.3791,0.3946,0.3667,0.3714,261343324,1.65948E+12,97712462.13,184337,129545005,48449982.32,0,02-08-2022
1.65948E+12,0.3714,0.3775,0.3631,0.3695,212254602,1.65957E+12,78676859.41,137130,104744026,38832024.49,0,03-08-2022
1.65957E+12,0.3695,0.375,0.3643,0.371,170860294,1.65966E+12,63183203.38,107315,85380072,31564774.99,0,04-08-2022
1.65966E+12,0.371,0.3785,0.3673,0.3764,178170072,1.65974E+12,66561027.32,117145,97071624,36257586.85,0,05-08-2022
1.65974E+12,0.3764,0.378,0.3703,0.3715,88658479,1.65983E+12,33182898.95,66502,42405437,15872414.64,0,06-08-2022
1.65983E+12,0.3715,0.3772,0.3682,0.3722,94432362,1.65992E+12,35204727.09,65502,47947178,17876939.24,0,07-08-2022
1.65992E+12,0.3723,0.3847,0.371,0.3787,221476216,1.66E+12,83979590.97,128662,115977396,43979420,0,08-08-2022
1.66E+12,0.3787,0.3801,0.3606,0.3672,168358813,1.66009E+12,62324528.94,110373,82666286,30600207.96,0,09-08-2022
1.66009E+12,0.3672,0.3815,0.3583,0.3814,218617309,1.66018E+12,81068105.44,142208,112384455,41691872.09,0,10-08-2022
1.66018E+12,0.3814,0.386,0.377,0.3802,212303676,1.66026E+12,80900073.12,124815,107303586,40891650.71,0,11-08-2022
1.66026E+12,0.3801,0.3806,0.3699,0.3796,169377982,1.66035E+12,63609314.08,102798,93156310,34983116.18,0,12-08-2022
1.66035E+12,0.3797,0.3876,0.3763,0.378,122728952,1.66044E+12,46708311.96,85925,59296459,22568922,0,13-08-2022
1.66044E+12,0.3779,0.3922,0.3738,0.3757,184744299,1.66052E+12,70663793.93,125664,89113137,34102471.67,0,14-08-2022
1.66052E+12,0.3756,0.3852,0.3658,0.3751,231352894,1.66061E+12,86406258.69,141003,119381222,44598719.6,0,15-08-2022
1.66061E+12,0.375,0.3784,0.3666,0.377,196904975,1.66069E+12,73556611.69,121180,96207662,35948624.05,0,16-08-2022
1.66069E+12,0.377,0.3923,0.368,0.3795,333525617,1.66078E+12,126759099.1,222987,169311616,64372334.93,0,17-08-2022
1.66078E+12,0.3796,0.3815,0.3691,0.3704,206448429,1.66087E+12,77574097.08,132439,105091124,39492137.39,0,18-08-2022
1.66087E+12,0.3703,0.3707,0.3309,0.3344,437831008,1.66095E+12,151469808.3,252658,216949759,74980178.17,0,19-08-2022
1.66095E+12,0.3345,0.3428,0.3321,0.3368,206218319,1.66104E+12,69893445.42,118265,101881664,34536141.69,0,20-08-2022
1.66104E+12,0.3368,0.3485,0.3355,0.3449,185595697,1.66113E+12,63540311.14,103455,92296282,31592925.95,0,21-08-2022
1.66113E+12,0.3448,0.3453,0.3313,0.344,259125051,1.66121E+12,87411174.77,139631,134395867,45341113.07,0,22-08-2022
1.66121E+12,0.344,0.348,0.3326,0.3472,224844843,1.6613E+12,76705168.21,120750,117130796,39962509.1,0,23-08-2022
1.6613E+12,0.3473,0.3525,0.3389,0.3456,190760736,1.66139E+12,65685897.52,112208,95102376,32742791.92,0,24-08-2022
1.66139E+12,0.3456,0.3522,0.3435,0.3491,200831070,1.66147E+12,69764352.31,114924,101959250,35423162.64,0,25-08-2022
1.66147E+12,0.3491,0.3712,0.3325,0.3393,439211758,1.66156E+12,153665419.4,269092,224371229,78493034.36,0,26-08-2022
1.66156E+12,0.3393,0.3447,0.3283,0.3346,175871454,1.66164E+12,58855369.86,116416,87752033,29368141.12,0,27-08-2022
1.66164E+12,0.3346,0.3373,0.3213,0.3224,148984590,1.66173E+12,49504782.34,90560,71255300,23680587.89,0,28-08-2022
1.66173E+12,0.3223,0.3342,0.3186,0.3337,268856257,1.66182E+12,87361744.47,136287,142633743,46359313.38,0,29-08-2022
1.66182E+12,0.3337,0.3359,0.32,0.3267,213879108,1.6619E+12,70259688.58,127485,108052191,35515375.33,0,30-08-2022
1.6619E+12,0.3268,0.3339,0.323,0.3277,195043842,1.66199E+12,64322459.05,117716,94381318,31137094.82,0,31-08-2022
1.66199E+12,0.3276,0.3334,0.3215,0.3331,183564987,1.66208E+12,59848811.89,113186,98551814,32119453.52,0,01-09-2022
1.66208E+12,0.3332,0.3355,0.3253,0.3314,179601436,1.66216E+12,59352103.37,104285,93724081,30979579.14,0,02-09-2022
1.66216E+12,0.3315,0.335,0.3265,0.3297,103317904,1.66225E+12,34043843.12,63442,49306559,16251627.51,0,03-09-2022
1.66225E+12,0.3296,0.3328,0.3275,0.3317,95913393,1.66234E+12,31682221.19,58005,46703199,15427508.11,0,04-09-2022
1.66234E+12,0.3318,0.3338,0.3225,0.3329,178320876,1.66242E+12,58525355.81,91431,94181774,30902887.55,0,05-09-2022
1.66242E+12,0.3329,0.3431,0.3154,0.3212,337153895,1.66251E+12,111776654.5,191387,157130772,52124443.6,0,06-09-2022
1.66251E+12,0.3212,0.3386,0.312,0.3369,267709589,1.6626E+12,86968475.71,141016,125965451,40930316.77,0,07-09-2022
1.6626E+12,0.3369,0.3434,0.3282,0.3396,234589959,1.66268E+12,78333844,136630,116415824,38867163.73,0,08-09-2022
1.66268E+12,0.3396,0.3597,0.3394,0.3568,334849027,1.66277E+12,117071573.8,187293,182474750,63800492.15,0,09-09-2022
1.66277E+12,0.3568,0.3622,0.3514,0.3573,186010258,1.66285E+12,66220220.82,116583,90629836,32272133.27,0,10-09-2022
1.66285E+12,0.3574,0.3604,0.3485,0.3552,146159090,1.66294E+12,51919619.54,86088,73913953,26256792.27,0,11-09-2022
1.66294E+12,0.3551,0.3602,0.3478,0.3598,243143764,1.66303E+12,86092131.73,132001,131431520,46537733.47,0,12-09-2022
1.66303E+12,0.3598,0.3603,0.3308,0.3326,364278378,1.66311E+12,125815020.3,198832,173399591,59938366.67,0,13-09-2022
1.66311E+12,0.3326,0.3442,0.3312,0.3415,308604961,1.6632E+12,103931939.7,168172,156806911,52801586.05,0,14-09-2022
1.6632E+12,0.3415,0.3429,0.3241,0.3261,406236125,1.66329E+12,135422916.2,181640,173358934,57778845.02,0,15-09-2022
1.66329E+12,0.3261,0.3581,0.3216,0.3552,370003740,1.66337E+12,124260288.7,162183,186885609,62763820.57,0,16-09-2022
1.66337E+12,0.3552,0.381,0.3464,0.3762,443007880,1.66346E+12,162050300.8,247164,214475018,78430812.52,0,17-09-2022
1.66346E+12,0.3762,0.3981,0.3556,0.3576,680858418,1.66355E+12,258614760.4,444651,333280981,126660538.6,0,18-09-2022
1.66355E+12,0.3578,0.3932,0.3401,0.3848,737172977,1.66363E+12,265844871.9,451339,377962935,136230291.8,0,19-09-2022
1.66363E+12,0.3847,0.4242,0.3704,0.414,1113792429,1.66372E+12,442009185.3,628936,522955801,207498980.5,0,20-09-2022
1.66372E+12,0.4139,0.434,0.38,0.3936,925735817,1.6638E+12,372966189.4,643141,434816448,175240458,0,21-09-2022
1.6638E+12,0.3936,0.5,0.3933,0.4862,1322834928,1.66389E+12,590174749.7,791009,629956605,281191324.6,0,22-09-2022
1.66389E+12,0.4861,0.559,0.4564,0.5069,1820625745,1.66398E+12,917768864.5,1330406,898615314,453130948.4,0,23-09-2022
1.66398E+12,0.5069,0.5195,0.4717,0.4878,711158721,1.66406E+12,352715614.3,593855,353473531,175360287.6,0,24-09-2022
1.66406E+12,0.4879,0.5215,0.4757,0.4917,738162563,1.66415E+12,366984733.5,573784,368900786,183394000.8,0,25-09-2022
1.66415E+12,0.4916,0.502,0.4576,0.4683,626520230,1.66424E+12,296847521.5,415486,312958187,148308701.4,0,26-09-2022
1.66424E+12,0.4682,0.4882,0.435,0.4457,628394011,1.66432E+12,292038620.6,410125,296354526,137912022,0,27-09-2022
1.66432E+12,0.4458,0.4558,0.4168,0.4489,595920283,1.66441E+12,257517246.6,367581,278932240,120552174.8,0,28-09-2022
1.66441E+12,0.4491,0.5109,0.4266,0.4877,788666701,1.6645E+12,365979762.8,516418,375407350,174557632.4,0,29-09-2022
1.6645E+12,0.4876,0.4992,0.4667,0.4799,683028303,1.66458E+12,330105163.4,499348,344908814,166690857.3,0,30-09-2022
1.66458E+12,0.4799,0.4865,0.4667,0.4754,332745201,1.66467E+12,158398722.6,232022,163798047,77976935.29,0,01-10-2022
1.66467E+12,0.4753,0.4785,0.443,0.4485,331325448,1.66476E+12,152945188.2,252363,158654005,73261211.99,0,02-10-2022
1.66476E+12,0.4485,0.4694,0.4372,0.4621,393625435,1.66484E+12,177658038.7,251290,200455491,90449501.14,0,03-10-2022
1.66484E+12,0.4622,0.4858,0.4515,0.4795,528294804,1.66493E+12,248921030.6,302972,233846670,110170981.3,0,04-10-2022
1.66493E+12,0.4795,0.502,0.4716,0.4887,582675616,1.66501E+12,283275013.7,356443,251510091,122302085,0,05-10-2022
1.66501E+12,0.4888,0.5063,0.4883,0.4934,412623504,1.6651E+12,204870809.1,271931,178234322,88512335.18,0,06-10-2022
1.6651E+12,0.4934,0.5339,0.48,0.5177,523500800,1.66519E+12,262944156.6,364491,254585052,127872814.7,0,07-10-2022
1.66519E+12,0.5177,0.5292,0.5111,0.517,340783746,1.66527E+12,177286870.9,257256,163746919,85190214.95,0,08-10-2022
1.66527E+12,0.5171,0.549,0.506,0.5325,366379188,1.66536E+12,193058849.3,264444,181625117,95694697.41,0,09-10-2022
1.66536E+12,0.5325,0.538,0.4927,0.4939,519737735,1.66545E+12,269405146.7,415923,224698117,116475843.1,0,10-10-2022
1.66545E+12,0.4939,0.5025,0.4768,0.4861,445279743,1.66553E+12,218448308.6,353731,200178299,98221469.15,0,11-10-2022
1.66553E+12,0.486,0.496,0.482,0.4881,245221984,1.66562E+12,119808283.8,177528,116341342,56841144.52,0,12-10-2022
1.66562E+12,0.4881,0.4898,0.4401,0.4791,601751609,1.66571E+12,280980866.2,414916,274106028,127897991.5,0,13-10-2022
1.66571E+12,0.4791,0.5125,0.4782,0.4883,457259209,1.66579E+12,227388022,305648,218857625,108864925.3,0,14-10-2022
1.66579E+12,0.4882,0.49,0.4774,0.4818,155163123,1.66588E+12,75131086.25,103097,72547806,35151553.66,0,15-10-2022
1.66588E+12,0.4818,0.4876,0.468,0.4766,220894101,1.66596E+12,105829602.9,128741,106658207,51090785.77,0,16-10-2022
1.66596E+12,0.4765,0.4825,0.4627,0.4804,266511552,1.66605E+12,126134721.5,185876,134684341,63743774.73,0,17-10-2022
1.66605E+12,0.4804,0.4843,0.4571,0.4658,289689721,1.66614E+12,136197440.4,183992,134965358,63464184.93,0,18-10-2022
1.66614E+12,0.4657,0.4667,0.4471,0.4504,330327507,1.66622E+12,151199222.1,194462,159014856,72803191.22,0,19-10-2022
1.66622E+12,0.4504,0.4646,0.4224,0.4465,396744045,1.66631E+12,178394403.4,269299,193688485,87178376.07,0,20-10-2022
1.66631E+12,0.4465,0.4617,0.4336,0.4614,362000551,1.6664E+12,161784866.2,209686,170326924,76120399.7,0,21-10-2022
1.6664E+12,0.4613,0.4708,0.4561,0.4653,168922503,1.66648E+12,78201141.14,112690,77335894,35808060.64,0,22-10-2022
1.66648E+12,0.4653,0.4726,0.4518,0.4688,201619037,1.66657E+12,93094955.43,124146,94017629,43420886.32,0,23-10-2022
1.66657E+12,0.4688,0.473,0.4478,0.4529,269189993,1.66666E+12,123072922.5,142859,120157828,54917692.04,0,24-10-2022
1.66666E+12,0.453,0.4728,0.4434,0.4605,350361399,1.66674E+12,160081457.7,215880,171598905,78409051.65,0,25-10-2022
1.66674E+12,0.4606,0.4715,0.4562,0.4689,308800077,1.66683E+12,143488385.6,196965,144018308,66913662.92,0,26-10-2022
1.66683E+12,0.4689,0.4824,0.4584,0.4615,386147200,1.66692E+12,181953642.4,238788,187029208,88157259.92,0,27-10-2022
1.66692E+12,0.4615,0.4755,0.4564,0.4744,258511622,1.667E+12,120199098.1,157002,117686288,54732087.29,0,28-10-2022
1.667E+12,0.4743,0.4837,0.4657,0.4701,284375501,1.66709E+12,134590023.7,201794,135809120,64287057.08,0,29-10-2022
1.66709E+12,0.4702,0.4735,0.4537,0.4582,182831402,1.66717E+12,84820357.73,133563,84765782,39344717.62,0,30-10-2022
1.66717E+12,0.4582,0.4674,0.4476,0.4641,291632134,1.66726E+12,133261256.4,198148,146969703,67182951.42,0,31-10-2022
1.66726E+12,0.464,0.467,0.4543,0.4636,272552886,1.66735E+12,125642112.1,180944,125830091,58021037.52,0,01-11-2022
1.66735E+12,0.4635,0.4659,0.4451,0.4497,305327596,1.66743E+12,139704185.4,221321,140671429,64406123.64,0,02-11-2022
1.66743E+12,0.4498,0.4598,0.4487,0.4548,221405589,1.66752E+12,100942726.2,151898,104803967,47790138.03,0,03-11-2022
1.66752E+12,0.4548,0.5078,0.4532,0.5064,561979429,1.66761E+12,274689740.9,415590,276164137,134949298.9,0,04-11-2022
1.66761E+12,0.5063,0.51,0.489,0.493,199360700,1.66769E+12,99431885.51,190220,97184409,48486618.55,0,05-11-2022
1.66769E+12,0.493,0.4947,0.468,0.4709,163125807,1.66778E+12,79239163.69,136737,75421138,36664570.84,0,06-11-2022
1.66778E+12,0.4708,0.48,0.4585,0.4648,325333918,1.66787E+12,153239698.3,215747,140674033,66281947.74,0,07-11-2022
1.66787E+12,0.4647,0.4669,0.3355,0.4059,978082649,1.66795E+12,413070512.8,685459,427976370,180541812.9,0,08-11-2022
1.66795E+12,0.4059,0.411,0.316,0.3331,908074197,1.66804E+12,334989216,655564,404429799,149198267.2,0,09-11-2022
1.66804E+12,0.3332,0.403,0.3301,0.3942,815070852,1.66812E+12,301512853.2,571158,385064470,142649050,0,10-11-2022
1.66812E+12,0.3942,0.3991,0.3661,0.3843,477945830,1.66821E+12,182755584.3,371420,213380823,81549654.9,0,11-11-2022
1.66821E+12,0.3843,0.3846,0.3592,0.3636,254821436,1.6683E+12,93930662.57,185956,124252437,45808046.45,0,12-11-2022
1.6683E+12,0.3635,0.3694,0.3325,0.3408,334510449,1.66838E+12,116988962.6,245447,146909223,51402121.51,0,13-11-2022
1.66838E+12,0.3409,0.3796,0.321,0.3776,693547037,1.66847E+12,241833210.1,474551,318057879,110936320.7,0,14-11-2022
1.66847E+12,0.3775,0.3977,0.3668,0.3888,541305225,1.66856E+12,207028793.3,397121,253866537,97142845.49,0,15-11-2022
1.66856E+12,0.3887,0.3915,0.3614,0.3752,363276410,1.66864E+12,136953796.3,260049,180285056,68001644.85,0,16-11-2022
1.66864E+12,0.3751,0.3873,0.3691,0.3819,413772413,1.66873E+12,156120059.8,263552,207019266,78081706.02,0,17-11-2022
1.66873E+12,0.3819,0.3878,0.3733,0.3829,292591109,1.66882E+12,111602519.5,172434,151611474,57829190.48,0,18-11-2022
1.66882E+12,0.3829,0.3886,0.3752,0.3841,145313373,1.6689E+12,55292721.17,97089,68704481,26147539.87,0,19-11-2022
1.6689E+12,0.3842,0.3969,0.3585,0.3608,308373842,1.66899E+12,116439995.1,194598,140735919,53175093.86,0,20-11-2022
1.66899E+12,0.3608,0.369,0.3457,0.3645,591706474,1.66908E+12,210059781.7,289588,281516299,99890134.31,0,21-11-2022
1.66908E+12,0.3645,0.3784,0.3513,0.3757,464705247,1.66916E+12,169687796.3,237727,225203354,82265424.14,0,22-11-2022
1.66916E+12,0.3758,0.3824,0.3682,0.3815,354058802,1.66925E+12,133209854.5,204708,176578209,66432937.76,0,23-11-2022
1.66925E+12,0.3816,0.405,0.3742,0.4018,454087891,1.66933E+12,177033036.2,249480,222635598,86756756.54,0,24-11-2022
1.66933E+12,0.4018,0.4194,0.3888,0.4078,428503257,1.66942E+12,173684378.2,297740,207257431,84067111.9,0,25-11-2022
1.66942E+12,0.4077,0.4146,0.3927,0.396,184581391,1.66951E+12,74555148.84,126149,84383604,34087933.57,0,26-11-2022
1.66951E+12,0.396,0.4096,0.3942,0.3962,199432182,1.66959E+12,80197421.67,125340,93450039,37585394.49,0,27-11-2022
1.66959E+12,0.3961,0.3991,0.373,0.3888,434930297,1.66968E+12,166423172.5,240458,216541344,82848582.11,0,28-11-2022
1.66968E+12,0.3888,0.4039,0.3829,0.3981,355638077,1.66977E+12,139342591,195717,178271306,69837843.08,0,29-11-2022
1.66977E+12,0.3981,0.4117,0.3926,0.4078,329757224,1.66985E+12,132883249,191495,162197210,65361438.04,0,30-11-2022
1.66985E+12,0.4078,0.4093,0.3944,0.3969,251203503,1.66994E+12,100381351.2,141670,133397950,53296310.26,0,01-12-2022
1.66994E+12,0.3968,0.3975,0.3838,0.3961,257877078,1.67003E+12,100555120.3,137052,138441788,53970617.13,0,02-12-2022
1.67003E+12,0.3961,0.3973,0.3853,0.3873,152919238,1.67011E+12,59974445.92,87264,73047643,28657295.57,0,03-12-2022
1.67011E+12,0.3873,0.3932,0.386,0.3895,134434499,1.6702E+12,52399718.84,80207,65279404,25447929.06,0,04-12-2022
1.6702E+12,0.3895,0.3954,0.38,0.3893,338205071,1.67028E+12,132061033.3,169162,176414438,68900207.69,0,05-12-2022
1.67028E+12,0.3893,0.3925,0.3808,0.3914,302191639,1.67037E+12,116660558.7,139542,156219831,60302597.01,0,06-12-2022
1.67037E+12,0.3914,0.3925,0.3733,0.3835,307733325,1.67046E+12,117648523.9,145538,159335388,60890131.03,0,07-12-2022
1.67046E+12,0.3834,0.3962,0.3826,0.3941,276255107,1.67054E+12,107330684.7,130361,146298225,56842001.97,0,08-12-2022
1.67054E+12,0.3942,0.3952,0.3843,0.3889,259535105,1.67063E+12,101327794.3,114693,136114404,53155999.26,0,09-12-2022
1.67063E+12,0.3889,0.3893,0.3854,0.3865,99433210,1.67072E+12,38539886.55,48873,50214880,19464560.37,0,10-12-2022
1.67072E+12,0.3865,0.3886,0.3778,0.3809,96374128,1.6708E+12,37091781.15,54465,44409030,17090962.74,0,11-12-2022
1.6708E+12,0.3808,0.3898,0.3707,0.3874,348028456,1.67089E+12,131257104.3,154324,179058204,67545714.09,0,12-12-2022
1.67089E+12,0.3875,0.397,0.3786,0.3952,440118070,1.67098E+12,170665867.2,183015,193709302,75142431.44,0,13-12-2022
1.67098E+12,0.3953,0.3956,0.3768,0.3853,329607186,1.67106E+12,128096972.3,159487,153152832,59530626.85,0,14-12-2022
1.67106E+12,0.3852,0.3867,0.3735,0.378,226540166,1.67115E+12,86076180.48,110423,107018919,40661038.66,0,15-12-2022
1.67115E+12,0.3779,0.3799,0.344,0.3511,376428572,1.67124E+12,136784621.9,191524,173898248,63219737.87,0,16-12-2022
1.67124E+12,0.351,0.3598,0.3467,0.3545,208492422,1.67132E+12,73591621.36,101459,102454721,36164981.7,0,17-12-2022
1.67132E+12,0.3545,0.3556,0.3473,0.3499,115421793,1.67141E+12,40560825.17,57021,54046463,18991622.91,0,18-12-2022
1.67141E+12,0.3499,0.353,0.332,0.3389,365699862,1.67149E+12,124752930.5,157200,188999762,64507554.13,0,19-12-2022
1.67149E+12,0.3389,0.3532,0.3359,0.3482,312424782,1.67158E+12,107517453,139690,162934108,56071424.68,0,20-12-2022
1.67158E+12,0.3482,0.3505,0.3371,0.3449,287425951,1.67167E+12,98626729.86,122619,140967199,48368489.5,0,21-12-2022
1.67167E+12,0.3448,0.3503,0.3414,0.3492,255155313,1.67175E+12,88031727.67,107083,133491182,46059211.71,0,22-12-2022
1.67175E+12,0.3492,0.355,0.3471,0.3543,221882542,1.67184E+12,77773302.92,93441,113543025,39802950.95,0,23-12-2022
1.67184E+12,0.3542,0.3544,0.3509,0.3517,62857912,1.67193E+12,22136772.34,37337,29635988,10437010.99,0,24-12-2022
1.67193E+12,0.3518,0.3519,0.3439,0.3457,100344595,1.67201E+12,34843179.26,50316,45533757,15810418.48,0,25-12-2022
1.67201E+12,0.3457,0.37,0.3455,0.3658,337834881,1.6721E+12,121074083.2,138424,166845263,59703975.43,0,26-12-2022
1.6721E+12,0.3657,0.3731,0.3586,0.3675,385194770,1.67219E+12,141396481,181577,185304598,68031985.53,0,27-12-2022
1.67219E+12,0.3675,0.3687,0.3546,0.3558,337095747,1.67227E+12,121246075,164923,165972570,59689948.07,0,28-12-2022
1.67227E+12,0.3559,0.3577,0.3361,0.3421,347820025,1.67236E+12,120106923.5,159297,170655080,58924410.83,0,29-12-2022
1.67236E+12,0.3421,0.3461,0.3337,0.3451,270037618,1.67244E+12,91624064.77,123668,137330213,46604252.08,0,30-12-2022
1.67244E+12,0.345,0.3453,0.3384,0.3389,138156698,1.67253E+12,47233960.19,60883,65237169,22305909.87,0,31-12-2022
1.67253E+12,0.3389,0.34,0.3354,0.3387,102026821,1.67262E+12,34471638.57,48661,53592277,18107900.65,0,01-01-2023
1.67262E+12,0.3386,0.3555,0.3,0.3482,647520487,1.6727E+12,217803999.7,285660,320823575,108056946.6,0,02-01-2023
1.6727E+12,0.3482,0.352,0.3395,0.3436,346410334,1.67279E+12,119511328.7,154113,172318472,59448460.9,0,03-01-2023
1.67279E+12,0.3436,0.3605,0.339,0.3472,372672796,1.67288E+12,129585304.7,147677,193027855,67139279.1,0,04-01-2023
1.67288E+12,0.3471,0.3487,0.3333,0.338,265529668,1.67296E+12,90735849.14,106910,129294274,44187813.67,0,05-01-2023
1.67296E+12,0.338,0.3462,0.3311,0.3443,278304929,1.67305E+12,93853937.03,124811,141179233,47616379.19,0,06-01-2023
1.67305E+12,0.3442,0.3457,0.3413,0.3442,103851424,1.67314E+12,35685499.47,54864,50831317,17471422.57,0,07-01-2023
1.67314E+12,0.3442,0.3469,0.3354,0.3452,185516324,1.67322E+12,63235820,87967,92948507,31689407.39,0,08-01-2023
1.67322E+12,0.3452,0.3576,0.3437,0.349,527746615,1.67331E+12,185161444.3,207757,254824357,89419804.37,0,09-01-2023
1.67331E+12,0.3489,0.3541,0.3432,0.3507,338577860,1.6734E+12,118256165.2,126247,173055172,60442037.71,0,10-01-2023
1.6734E+12,0.3506,0.3785,0.3477,0.3728,626037461,1.67348E+12,228637315.4,264481,316060030,115363462.2,0,11-01-2023
1.67348E+12,0.3728,0.382,0.3607,0.3748,505754231,1.67357E+12,188241999.7,229155,249878743,93006864.75,0,12-01-2023
1.67357E+12,0.3748,0.3868,0.368,0.3858,405120914,1.67365E+12,152479844.1,180943,201571197,75872846.41,0,13-01-2023
1.67365E+12,0.3857,0.4089,0.3766,0.3953,582781070,1.67374E+12,230545836.2,298604,287515587,113750224.1,0,14-01-2023
1.67374E+12,0.3953,0.3969,0.3795,0.3845,294014260,1.67383E+12,113574492.7,149500,140444062,54247747.68,0,15-01-2023
1.67383E+12,0.3846,0.4064,0.3777,0.3855,542041099,1.67391E+12,211557382.2,244213,259538816,101299609.2,0,16-01-2023
1.67391E+12,0.3855,0.3987,0.379,0.3868,378212343,1.674E+12,146669509.5,175149,183711027,71232383.44,0,17-01-2023
1.674E+12,0.3868,0.3964,0.3655,0.3782,615064764,1.67409E+12,236217050.7,297896,294249478,113039587,0,18-01-2023
1.67409E+12,0.3782,0.3965,0.3762,0.3928,416112670,1.67417E+12,161047075.8,194843,204941131,79300131.86,0,19-01-2023
1.67417E+12,0.3929,0.4141,0.3859,0.4129,366316527,1.67426E+12,145683006.8,191888,188711387,74980784.29,0,20-01-2023
1.67426E+12,0.4129,0.4166,0.3967,0.4034,346602583,1.67435E+12,141823531.6,198254,165478405,67719633.3,0,21-01-2023
1.67435E+12,0.4034,0.4122,0.3962,0.4004,250067543,1.67443E+12,101062837.5,140303,120634816,48755338.55,0,22-01-2023
1.67443E+12,0.4004,0.433,0.3995,0.4234,723894773,1.67452E+12,304618525.3,337146,336521405,141588487.2,0,23-01-2023
1.67452E+12,0.4233,0.4312,0.4025,0.4078,411297898,1.6746E+12,172683239.9,223346,192361934,80790644.37,0,24-01-2023
1.6746E+12,0.4079,0.4245,0.3965,0.417,375065459,1.67469E+12,153118089,188870,186827318,76244377.78,0,25-01-2023
1.67469E+12,0.417,0.4178,0.4053,0.4092,290069659,1.67478E+12,119450988.3,151650,143837698,59220498.82,0,26-01-2023
1.67478E+12,0.4091,0.4135,0.3988,0.4128,274281738,1.67486E+12,111625093,133853,136378774,55507502.56,0,27-01-2023
1.67486E+12,0.4127,0.4168,0.4055,0.4078,148949278,1.67495E+12,61120997.81,83036,70856591,29083649.28,0,28-01-2023
1.67495E+12,0.4078,0.4173,0.4066,0.4134,166884667,1.67504E+12,68802706.76,95305,79235849,32669617.34,0,29-01-2023
1.67504E+12,0.4135,0.4222,0.386,0.3934,433795926,1.67512E+12,174875593.1,205691,213480378,86141832.61,0,30-01-2023
1.67512E+12,0.3933,0.4113,0.388,0.4057,346580963,1.67521E+12,138238341.8,166935,174978218,69716355.95,0,31-01-2023
1.67521E+12,0.4058,0.4157,0.3962,0.4131,379103907,1.6753E+12,153259801.6,186726,184988147,74752103.68,0,01-02-2023
1.6753E+12,0.4132,0.4192,0.408,0.4098,322532370,1.67538E+12,133341656.2,165464,163472668,67587785.77,0,02-02-2023
1.67538E+12,0.4097,0.4137,0.4054,0.4117,274689680,1.67547E+12,112603154.5,133447,141671977,58080968.91,0,03-02-2023
1.67547E+12,0.4116,0.4204,0.4075,0.4106,178134111,1.67556E+12,73370958.02,95986,83662124,34471548.46,0,04-02-2023
1.67556E+12,0.4106,0.412,0.3942,0.3984,237111362,1.67564E+12,95563098.09,134236,112747647,45453079.2,0,05-02-2023
1.67564E+12,0.3985,0.4037,0.3909,0.392,315995053,1.67573E+12,125897156.3,145740,159859675,63699592.12,0,06-02-2023
1.67573E+12,0.3921,0.4048,0.3901,0.4036,356160688,1.67581E+12,141141108.6,145406,183248723,72607710.11,0,07-02-2023
1.67581E+12,0.4037,0.406,0.3936,0.3975,263188839,1.6759E+12,105265066.9,104320,123235097,49287325.66,0,08-02-2023
1.6759E+12,0.3975,0.4092,0.3726,0.3819,526681339,1.67599E+12,206981490.6,255958,250575924,98553873.54,0,09-02-2023
1.67599E+12,0.3818,0.3878,0.3771,0.3817,279931749,1.67607E+12,107300522.3,129469,139730701,53554602.23,0,10-02-2023
1.67607E+12,0.3818,0.3841,0.3798,0.3833,123179600,1.67616E+12,47064308.76,59338,54359454,20769517.18,0,11-02-2023
1.67616E+12,0.3834,0.385,0.3716,0.3747,135976322,1.67625E+12,51727784.25,70222,62447787,23753707.63,0,12-02-2023
1.67625E+12,0.3747,0.3783,0.3612,0.3703,382768169,1.67633E+12,141477064.8,158099,190350024,70362221.97,0,13-02-2023
1.67633E+12,0.3703,0.3839,0.3644,0.3819,372274074,1.67642E+12,138499878.3,160722,196180773,72994759.07,0,14-02-2023
1.67642E+12,0.3819,0.4024,0.3765,0.4011,370966882,1.67651E+12,143859246.6,150550,183280682,71037186.52,0,15-02-2023
1.67651E+12,0.401,0.4048,0.384,0.3841,450636395,1.67659E+12,179200203.7,193412,225043586,89555461.72,0,16-02-2023
1.67659E+12,0.3841,0.4,0.3809,0.395,358052399,1.67668E+12,139644124.6,149639,187919337,73283588.77,0,17-02-2023
1.67668E+12,0.3949,0.3976,0.3911,0.3943,145625421,1.67676E+12,57400872.44,73236,69380555,27349230.45,0,18-02-2023
1.67676E+12,0.3942,0.3981,0.3845,0.3863,237992952,1.67685E+12,93146713.94,120434,116193819,45470936.5,0,19-02-2023
1.67685E+12,0.3862,0.409,0.3774,0.3984,557018367,1.67694E+12,220336014.7,224246,278894507,110244972.7,0,20-02-2023
1.67694E+12,0.3985,0.4025,0.3872,0.3919,448284088,1.67702E+12,176374645.5,170551,225085280,88578978.1,0,21-02-2023
1.67702E+12,0.392,0.3977,0.3828,0.3953,389277544,1.67711E+12,151813602.9,161983,199048660,77597400.09,0,22-02-2023
1.67711E+12,0.3953,0.3979,0.3853,0.3882,348351954,1.6772E+12,136524364.8,151055,185760178,72805734.05,0,23-02-2023
1.6772E+12,0.3883,0.3908,0.3723,0.3783,356652233,1.67728E+12,136442442.7,157595,183601515,70283824.56,0,24-02-2023
1.67728E+12,0.3783,0.3795,0.3692,0.3778,179723963,1.67737E+12,67647646.42,84703,84230523,31703256.83,0,25-02-2023
1.67737E+12,0.3779,0.3807,0.3745,0.3779,130843027,1.67746E+12,49371646.18,69576,62587386,23616970.27,0,26-02-2023
1.67746E+12,0.3779,0.3801,0.3708,0.3785,421412885,1.67754E+12,158457633.9,145975,225350589,84706976.97,0,27-02-2023
1.67754E+12,0.3785,0.3827,0.3719,0.3762,371401256,1.67763E+12,140007696,149317,200818042,75668334.92,0,28-02-2023
1.67763E+12,0.3762,0.3848,0.3726,0.3835,317577485,1.67772E+12,120585971.9,134548,161512541,61296409.53,0,01-03-2023
1.67772E+12,0.3836,0.3846,0.3737,0.3772,281873061,1.6778E+12,106574977.8,107723,148617496,56165347.6,0,02-03-2023
1.6778E+12,0.3772,0.3806,0.3539,0.3774,490515388,1.67789E+12,179848857.5,214243,248898448,91277825.61,0,03-03-2023
1.67789E+12,0.3773,0.38,0.368,0.3735,164275250,1.67797E+12,61584809.56,85530,75858816,28438133.48,0,04-03-2023
1.67797E+12,0.3735,0.3774,0.3653,0.3668,163637644,1.67806E+12,60724189.19,80980,73390639,27236882.62,0,05-03-2023
1.67806E+12,0.3668,0.3743,0.3589,0.3695,428373378,1.67815E+12,156725004,158156,233387734,85297016.33,0,06-03-2023
1.67815E+12,0.3696,0.3844,0.3669,0.3801,562644274,1.67823E+12,210785141.4,230481,293439451,109833962,0,07-03-2023
1.67823E+12,0.3802,0.4018,0.3723,0.3889,682406723,1.67832E+12,265136639.3,325672,344589959,133859502.2,0,08-03-2023
1.67832E+12,0.3889,0.3976,0.3639,0.3706,655014119,1.67841E+12,252341949,304944,317289093,122389927.8,0,09-03-2023
1.67841E+12,0.3706,0.3752,0.3571,0.37,541098785,1.67849E+12,198898835.5,264359,273214134,100420182.9,0,10-03-2023
1.67849E+12,0.3699,0.3741,0.3582,0.3638,342981412,1.67858E+12,125158363.7,196161,170461652,62199052.23,0,11-03-2023
1.67858E+12,0.3637,0.3715,0.3473,0.3714,389760071,1.67867E+12,140064897.7,206750,188167005,67677461.36,0,12-03-2023
1.67867E+12,0.3713,0.38,0.3553,0.3724,556402600,1.67875E+12,204984639.5,295723,289315654,106611381.2,0,13-03-2023
1.67875E+12,0.3724,0.387,0.3647,0.3724,544803822,1.67884E+12,203995643.1,283108,268646880,100592504.3,0,14-03-2023
1.67884E+12,0.3724,0.3757,0.356,0.3589,385093409,1.67892E+12,140863011.9,198592,189758340,69424022.92,0,15-03-2023
1.67892E+12,0.3589,0.367,0.3562,0.3647,259083315,1.67901E+12,93875787.5,132174,129201218,46815132.44,0,16-03-2023
1.67901E+12,0.3648,0.3825,0.362,0.3798,405873760,1.6791E+12,151029086.1,199685,209014814,77793030.24,0,17-03-2023
1.6791E+12,0.3797,0.3898,0.3691,0.3739,360335327,1.67918E+12,136790748.3,194468,179787799,68267255.54,0,18-03-2023
1.67918E+12,0.3739,0.4,0.3736,0.3857,476291604,1.67927E+12,185211360.2,275018,234827804,91321188.48,0,19-03-2023
1.67927E+12,0.3858,0.3913,0.3707,0.3734,443129416,1.67936E+12,168478007.1,217102,232492550,88389967.52,0,20-03-2023
1.67936E+12,0.3734,0.4929,0.3728,0.4696,1698380685,1.67944E+12,739147786.7,1036761,861860638,374553019.8,0,21-03-2023
1.67944E+12,0.4696,0.475,0.4069,0.4213,1409641087,1.67953E+12,626614742,847208,671590386,299006131.5,0,22-03-2023
1.67953E+12,0.4213,0.4557,0.4116,0.4438,837629903,1.67962E+12,368094025.9,493112,410294301,180251821.3,0,23-03-2023
1.67962E+12,0.4437,0.444,0.4141,0.4259,507977567,1.6797E+12,217558570.5,282648,254857997,109141910.3,0,24-03-2023
1.6797E+12,0.426,0.465,0.4223,0.4429,635312958,1.67979E+12,284432424.3,428283,323282019,144700617.8,0,25-03-2023
1.67979E+12,0.4429,0.4632,0.4403,0.4479,364479792,1.67988E+12,164516868.4,251330,176384097,79642209.23,0,26-03-2023
1.67988E+12,0.4479,0.4888,0.4425,0.479,1003256531,1.67996E+12,468907974,566635,490072282,228906420.8,0,27-03-2023
1.67996E+12,0.4789,0.534,0.4666,0.5144,1126346466,1.68005E+12,561768921.8,675666,550271016,274493912.1,0,28-03-2023
1.68005E+12,0.5145,0.585,0.5145,0.5425,1291815558,1.68013E+12,710720110.9,862122,650365697,357800046.8,0,29-03-2023
1.68013E+12,0.5425,0.558,0.5214,0.5319,827691286,1.68022E+12,444533562.2,535861,420253408,225765698.8,0,30-03-2023
1.68022E+12,0.5319,0.564,0.5257,0.5374,532875635,1.68031E+12,285494944.5,362827,272586852,146009892.1,0,31-03-2023
1.68031E+12,0.5375,0.5375,0.4972,0.5095,516087832,1.68039E+12,265787844,373082,244916636,126161104.9,0,01-04-2023
1.68039E+12,0.5095,0.529,0.5015,0.518,391347744,1.68048E+12,202442762.8,304023,197069492,101937712.6,0,02-04-2023
1.68048E+12,0.5179,0.525,0.481,0.4959,522070023,1.68057E+12,264930891.5,375185,263845216,134011798.4,0,03-04-2023
1.68057E+12,0.4958,0.5078,0.4871,0.5026,360227447,1.68065E+12,179555332.7,233646,187654340,93517974.76,0,04-04-2023
1.68065E+12,0.5026,0.5271,0.4986,0.5055,411989031,1.68074E+12,210165518.3,265503,207173028,105716749.9,0,05-04-2023
1.68074E+12,0.5056,0.5097,0.4913,0.5028,315900045,1.68083E+12,158484620.8,226191,159289413,79927656.3,0,06-04-2023
1.68083E+12,0.5028,0.5156,0.4971,0.5126,318185786,1.68091E+12,161500221.1,236639,164493145,83510779.57,0,07-04-2023
1.68091E+12,0.5127,0.513,0.5022,0.5048,136614694,1.681E+12,69517878.44,131248,61730572,31410989.68,0,08-04-2023
1.681E+12,0.5049,0.5093,0.4983,0.5054,116122379,1.68108E+12,58532234.58,99848,56270959,28366468.52,0,09-04-2023
1.68108E+12,0.5053,0.5199,0.5,0.5176,264898196,1.68117E+12,134434521.2,154033,143896871,72982170.32,0,10-04-2023
1.68117E+12,0.5176,0.5283,0.511,0.5167,358821527,1.68126E+12,186152904.5,200576,196281969,101833414.6,0,11-04-2023
1.68126E+12,0.5166,0.5179,0.4984,0.5049,339100343,1.68134E+12,171358646.3,186682,165468803,83606262.07,0,12-04-2023
1.68134E+12,0.5049,0.5156,0.5014,0.5125,273342378,1.68143E+12,139036177.4,142779,150028631,76317868.32,0,13-04-2023
1.68143E+12,0.5124,0.5465,0.5111,0.5227,462335443,1.68152E+12,243064939.3,307971,239258872,125771860,0,14-04-2023
1.68152E+12,0.5227,0.5261,0.516,0.5192,152508925,1.6816E+12,79413896.02,105834,72672668,37848445.35,0,15-04-2023
1.6816E+12,0.5192,0.5244,0.5152,0.5209,157240759,1.68169E+12,81721324.83,100919,77120853,40083368.09,0,16-04-2023
1.68169E+12,0.5208,0.521,0.5066,0.5109,299749754,1.68178E+12,153553932.1,151791,169784999,86969122.37,0,17-04-2023
1.68178E+12,0.511,0.5391,0.5092,0.5324,358112470,1.68186E+12,186085470.3,179073,203556287,105733036.8,0,18-04-2023
1.68186E+12,0.5325,0.5375,0.471,0.4911,620153279,1.68195E+12,311042377.5,378676,297689655,149352938.6,0,19-04-2023
1.68195E+12,0.4911,0.4993,0.465,0.4752,454997513,1.68204E+12,219794190.9,238238,225466342,108946968.5,0,20-04-2023
1.68204E+12,0.4752,0.4792,0.4403,0.4491,425209825,1.68212E+12,196405832.5,230036,214479000,99149708.27,0,21-04-2023
1.68212E+12,0.4491,0.4761,0.4455,0.4719,242021955,1.68221E+12,111879421.8,150016,122751042,56782117.42,0,22-04-2023
1.68221E+12,0.472,0.472,0.4526,0.4647,222191297,1.68229E+12,103079830.6,130715,107544770,49910312.21,0,23-04-2023
1.68229E+12,0.4648,0.4857,0.4469,0.4611,408426760,1.68238E+12,189723462.7,227559,219380921,101918723.9,0,24-04-2023
1.68238E+12,0.461,0.4723,0.4506,0.4695,377056298,1.68247E+12,173172942.8,167797,214418124,98458381.24,0,25-04-2023
1.68247E+12,0.4696,0.4831,0.4329,0.4618,551155391,1.68255E+12,256463436.6,280441,277180801,129067214.3,0,26-04-2023
1.68255E+12,0.4618,0.4699,0.4557,0.4667,345756985,1.68264E+12,159816336.8,166405,170265417,78665218.14,0,27-04-2023
1.68264E+12,0.4666,0.483,0.4637,0.4796,384917512,1.68273E+12,181922278.9,203480,218738540,103376510.7,0,28-04-2023
1.68273E+12,0.4795,0.4869,0.4709,0.478,175533507,1.68281E+12,84163263.92,122677,86163575,41316920.49,0,29-04-2023
1.68281E+12,0.4779,0.4819,0.4687,0.4705,143199211,1.6829E+12,68124656.71,91324,71983476,34241146.29,0,30-04-2023
